"nms","F value","Pr(>F)"
"edad_grupo",0.00266526806196304,0.95888376206584
"sexo",0.0182037046561611,0.892825004014039
"raza_etnia",0.166720660789123,0.683528167326587
"gravedad",2.52064194086887,0.0832589665697516
