"Var1","Freq","perc"
"Primaria","132","69.1099476439791"
"Secundaria","40","20.9424083769633"
"Ninguno","18","9.42408376963351"
"Bachiller","1","0.523560209424084"
"total","191","100"
