"Var1","Freq","perc"
"Rural","139","72.7748691099476"
"Urbana","52","27.2251308900524"
"total","191","100"
