"Var1","Freq","perc"
"1","137","71.7277486910995"
"2","54","28.2722513089005"
"total","191","100"
