"Var1","Freq","perc"
"2020","81","42.4083769633508"
"2019","62","32.4607329842932"
"2017","26","13.6125654450262"
"2018","22","11.5183246073298"
"total","191","100"
